model,variant,test_auc,test_f1,test_precision,test_recall,test_accuracy,test_mae,test_rmse
xgb,xgb_full_aircraft,0.9903135905468354,0.9018192997624883,0.9198252969760949,0.8845047188785885,0.957064500582909,6.545319557189941,20.360695527493192
