model,variant,test_auc,test_f1,test_precision,test_recall,test_accuracy,test_mae,test_rmse
xgb,xgb_full,0.8339308648273254,0.5263061253665257,0.7935749336188098,0.39370864154248364,0.8420047405562534,20.939664840698242,48.781052309817234
xgb,xgb_full_aircraft,0.8332144754759223,0.5252165321224352,0.794803852042338,0.39219051593377807,0.8419246862534805,20.940397262573242,48.76717696184725
xgb,xgb_2hop_propagation,0.8325281659895459,0.5242678511231784,0.7885921689223894,0.39265556862993906,0.8411340588770962,21.052154541015625,50.07248895741677
xgb,xgb_context,0.696679021742326,0.12265396370421848,0.7579893747445852,0.06672557770206408,0.7871902908275121,25.591064453125,56.85136871703266
xgb,xgb_schedule,0.6890843827325245,0.10294883728874352,0.7636720694304926,0.055194756350978084,0.7855612076388429,26.302671432495117,57.28161014957702
