model,variant,test_auc,test_f1,test_precision,test_recall,test_accuracy,test_mae,test_rmse
xgb,xgb_schedule_aircraft,0.6890434150522516,0.1023219137784136,0.7647171515367142,0.05482912420308217,0.7855267944959385,26.30484962463379,57.25155011206574
