model,variant,test_auc,test_f1,test_precision,test_recall,test_accuracy,test_mae,test_rmse
xgb,xgb_full,0.834398830873814,0.5263643700963934,0.7946521267068735,0.3935091463633991,0.842121686914767,20.953235626220703,48.64568918385138
xgb,xgb_full_aircraft,0.8340972576105947,0.5272062041834732,0.7935786753634433,0.39471592867622196,0.8421714109898956,20.950620651245117,48.68767801235108
xgb,xgb_2hop_propagation,0.8324742332312474,0.523033768004177,0.787705666674563,0.39149130168315066,0.8408195285836877,21.039459228515625,50.11787862442404
xgb,xgb_context,0.6968294553346497,0.12602763032326436,0.7492200521389804,0.06880032756454323,0.7872683036726552,25.585481643676758,56.84025166186701
xgb,xgb_schedule,0.6890014043962496,0.10305109555830017,0.7630333465804401,0.055256894193643755,0.7855572705419851,26.308435440063477,57.28180194428572
