model,variant,test_auc,test_f1,test_precision,test_recall,test_accuracy,test_mae,test_rmse
xgb,xgb_context_aircraft,0.6956272210707013,0.12129390585130842,0.7485569717923226,0.06599365932371788,0.7868346397447011,25.622379302978516,56.84712572439349
