model,variant,test_auc,test_f1,test_precision,test_recall,test_accuracy,test_mae,test_rmse
xgb,xgb_full_aircraft,0.8302153899063465,0.5305061936712351,0.7867142263809827,0.400180134335475,0.8420917941423289,21.093121795439995,48.35682871501054
