model,variant,test_auc,test_f1,test_precision,test_recall,test_accuracy,test_mae,test_rmse
xgb,xgb_full_aircraft,0.8337721072249435,0.5279644459337175,0.792875517470485,0.3957415301214828,0.8422419870965296,20.96217155456543,48.69855057519679
