model,variant,test_auc,test_f1,test_precision,test_recall,test_accuracy,test_mae,test_rmse
xgb,xgb_full_aircraft,0.8308215520942775,0.5321000876421915,0.7848980935105886,0.4024726936885612,0.8422004288519207,21.124442035756662,48.43311862555812
xgb,xgb_full,0.8302043895636275,0.529317504485139,0.7849795601346112,0.39927619224532807,0.8416948764517134,21.109073768504935,48.40145662005657
xgb,xgb_2hop_propagation,0.8286850449395725,0.5267146975439486,0.7830234461111154,0.39682207450131113,0.8410160917897678,21.250327233253916,49.64956787568208
xgb,xgb_context,0.6905508155657745,0.10375803939409832,0.7672147115323912,0.05564149473561656,0.7857049845833495,25.868435773469688,56.95997509533192
xgb,xgb_schedule,0.6848983271786755,0.10142731703328453,0.7558890404729423,0.0543608010941493,0.7852694250161676,26.44676809904362,57.371408845255644
