model,variant,test_auc,test_f1,test_precision,test_recall,test_accuracy,test_mae,test_rmse
xgb,xgb_full_aircraft,0.8401511305683771,0.5541631914331075,0.7937502439309968,0.4256762723050327,0.8473040729266993,20.318101754700997,46.0343204746487
