model,variant,test_auc,test_f1,test_precision,test_recall,test_accuracy,test_mae,test_rmse
xgb,xgb_full_aircraft,0.8452212718345182,0.5561764053240207,0.8029417937164373,0.4254303372645875,0.848631312022946,20.136465072631836,46.16684881695414
